"reference_id","publisher","title","url","local_path","media_type","match_code","evidentiary_use","rights_limitation","retrieval_class","original_response_bytes","attempted_at_utc","note","http_result","sha256","byte_size","reported_crawl_date","accessed_at_utc","retrieved_at_utc"
"overview","WTA","Montreal 2021 overview","https://www.wtatennis.com/tournaments/806/montreal/2021","data/raw/reference/montreal-2021-feasibility/overview.html","text/html","","Displayed event identity and dates","WTA copyrighted; user-authorized local noncommercial educational audit only; no open-data or redistribution grant inferred","original_response_bytes",TRUE,"2026-09-15T00:36:43Z","","200","d6f2c7b0c1f5e51a4711a6cb3b0aea9ad71d2d327172a345c2eb470883b72a08","278544","","","2026-09-15T00:36:44Z"
"draw_html","WTA","Montreal 2021 draw","https://www.wtatennis.com/tournaments/806/montreal/2021/draws","data/raw/reference/montreal-2021-feasibility/draw_html.html","text/html","","Nine target match identities/results/statuses only","WTA copyrighted; user-authorized local noncommercial educational audit only; no open-data or redistribution grant inferred","original_response_bytes",TRUE,"2026-09-15T00:36:44Z","","200","58e2a0f4c8ccce9440452e3fcdb449291e04bbc5ff5cd68e14e22b62ca4ff74d","1388142","","","2026-09-15T00:36:44Z"
"draw_pdf","WTA","Montreal 2021 singles PDF","https://wtafiles.wtatennis.com/pdf/draws/2021/806/MDS.pdf","data/raw/reference/montreal-2021-feasibility/draw_pdf.pdf","application/pdf","","Nine target match identities/results/statuses only","WTA copyrighted; user-authorized local noncommercial educational audit only; no open-data or redistribution grant inferred","original_response_bytes",TRUE,"2026-09-15T00:36:44Z","","200","3b09b6de5390c717af4215d82efe3d332969a9674fc3c3b4db4bde86b5357d1c","176067","","","2026-09-15T00:36:44Z"
"LS001","WTA","2021 event 806 LS001","https://www.wtatennis.com/tournaments/806/montreal/2021/scores/LS001","data/raw/reference/montreal-2021-feasibility/LS001.html","text/html","LS001","Match identity, whole-match counts, status and duration/date observations","WTA copyrighted; user-authorized local noncommercial educational audit only; no open-data or redistribution grant inferred","original_response_bytes",TRUE,"2026-09-15T00:36:45Z","","200","673b2b89f39931723aeeba444805baeb8f1d1958a4468f0e2615af4a70029c6b","341999","","","2026-09-15T00:36:45Z"
"LS002","WTA","2021 event 806 LS002","https://www.wtatennis.com/tournaments/806/montreal/2021/scores/LS002","data/raw/reference/montreal-2021-feasibility/LS002.html","text/html","LS002","Match identity, whole-match counts, status and duration/date observations","WTA copyrighted; user-authorized local noncommercial educational audit only; no open-data or redistribution grant inferred","original_response_bytes",TRUE,"2026-09-15T00:36:45Z","","200","2f5d04a3fa7318ab5568d42b27913e416a30ec4f9108cd228dd192ff6d982731","342155","","","2026-09-15T00:36:46Z"
"LS003","WTA","2021 event 806 LS003","https://www.wtatennis.com/tournaments/806/montreal/2021/scores/LS003","data/raw/reference/montreal-2021-feasibility/LS003.html","text/html","LS003","Match identity, whole-match counts, status and duration/date observations","WTA copyrighted; user-authorized local noncommercial educational audit only; no open-data or redistribution grant inferred","original_response_bytes",TRUE,"2026-09-15T00:36:46Z","","200","cc1e8c95c9d0faf6f356c51f0df70b63df5194c3bdecd1ab30405915dafb7dc4","367437","","","2026-09-15T00:36:47Z"
"LS004","WTA","2021 event 806 LS004","https://www.wtatennis.com/tournaments/806/montreal/2021/scores/LS004","data/raw/reference/montreal-2021-feasibility/LS004.html","text/html","LS004","Match identity, whole-match counts, status and duration/date observations","WTA copyrighted; user-authorized local noncommercial educational audit only; no open-data or redistribution grant inferred","original_response_bytes",TRUE,"2026-09-15T00:36:47Z","","200","4bd57b03f3704a0a931621b8bc7e392a02b16e900b557b55d9e04e1b755b2c71","342132","","","2026-09-15T00:36:47Z"
"LS005","WTA","2021 event 806 LS005","https://www.wtatennis.com/tournaments/806/montreal/2021/scores/LS005","data/raw/reference/montreal-2021-feasibility/LS005.html","text/html","LS005","Match identity, whole-match counts, status and duration/date observations","WTA copyrighted; user-authorized local noncommercial educational audit only; no open-data or redistribution grant inferred","original_response_bytes",TRUE,"2026-09-15T00:36:47Z","","200","4dadbe412c9e265c8e646e82c347e423d97b5c8191c749df88f78829d4c2c212","342199","","","2026-09-15T00:36:48Z"
"LS006","WTA","2021 event 806 LS006","https://www.wtatennis.com/tournaments/806/montreal/2021/scores/LS006","data/raw/reference/montreal-2021-feasibility/LS006.html","text/html","LS006","Match identity, whole-match counts, status and duration/date observations","WTA copyrighted; user-authorized local noncommercial educational audit only; no open-data or redistribution grant inferred","original_response_bytes",TRUE,"2026-09-15T00:36:48Z","","200","8b182361666663bc167eee5996a32cfa8292000900b75c4af4e966df272e59e1","342031","","","2026-09-15T00:36:49Z"
"LS007","WTA","2021 event 806 LS007","https://www.wtatennis.com/tournaments/806/montreal/2021/scores/LS007","data/raw/reference/montreal-2021-feasibility/LS007.html","text/html","LS007","Match identity, whole-match counts, status and duration/date observations","WTA copyrighted; user-authorized local noncommercial educational audit only; no open-data or redistribution grant inferred","original_response_bytes",TRUE,"2026-09-15T00:36:49Z","","200","ef74eae35355c08156c57dd8bbcb203669078b1df7bcd16bbd82a3cbb7550a5c","367460","","","2026-09-15T00:36:50Z"
"LS042","WTA","2021 event 806 LS042","https://www.wtatennis.com/tournaments/806/toronto/2021/scores/LS042","data/raw/reference/montreal-2021-feasibility/LS042.html","text/html","LS042","Match identity, whole-match counts, status and duration/date observations","WTA copyrighted; user-authorized local noncommercial educational audit only; no open-data or redistribution grant inferred","original_response_bytes",TRUE,"2026-09-15T00:36:50Z","","200","42c6c106cc94dbceea6abd0877faf7f09a43f7203da0a677e9b6630e88cd9a04","342083","","","2026-09-15T00:36:50Z"
"LS049","WTA","2021 event 806 LS049","https://www.wtatennis.com/tournaments/806/toronto/2021/scores/LS049","data/raw/reference/montreal-2021-feasibility/LS049.html","text/html","LS049","Match identity, whole-match counts, status and duration/date observations","WTA copyrighted; user-authorized local noncommercial educational audit only; no open-data or redistribution grant inferred","original_response_bytes",TRUE,"2026-09-15T00:36:51Z","","200","37181542ef2e700c6d278791b1e44214d702dcfc3eced344813ee67ddac8f09f","341954","","","2026-09-15T00:36:52Z"
